epoch,samples,cs_hits025,cs_hits050,native_hits025,native_hits050,cs_minus_native_hits025,cs_minus_native_hits050
0,9508,5514,4408,5514,4408,0,0
1,9508,5467,4329,5476,4375,-9,-46
2,9508,5443,4331,5465,4361,-22,-30
3,9508,5441,4332,5467,4381,-26,-49
4,9508,5429,4294,5418,4329,11,-35
5,9508,5434,4356,5456,4390,-22,-34
6,9508,5410,4292,5430,4343,-20,-51
7,9508,5436,4330,5418,4335,18,-5
8,9508,5431,4345,5441,4410,-10,-65
9,9508,5463,4362,5418,4344,45,18
10,9508,5445,4365,5425,4347,20,18
11,9508,5431,4361,5427,4319,4,42
12,9508,5439,4365,5443,4345,-4,20
13,9508,5444,4374,5426,4344,18,30
14,9508,5452,4387,5394,4337,58,50
15,9508,5466,4409,5429,4347,37,62
16,9508,5442,4370,5435,4361,7,9
17,9508,5460,4350,5424,4364,36,-14
18,9508,5450,4381,5429,4382,21,-1
19,9508,5467,4382,5421,4344,46,38
20,9508,5463,4395,5408,4315,55,80
21,9508,5465,4404,5442,4364,23,40
