row_id,scan_id,target_id,query,fused_mask_iou,extremal_iou,exact_coupled_iou,independent_projection_iou,loose_1d_bound,best_gate_x,best_gate_y,best_gate_z,fused_mask_qualified
29,scene0011_00,19,15,0.6654275059700012,0.33587888,0.44845822670165264,0.8708156206148291,0.5248077852351851,0.9937158269265367,0.4011337724259956,1.0,1
139,scene0019_00,12,20,0.506118893623352,0.46622944,0.47965640467123594,0.5020273166356733,0.6288294276389196,0.0,2.883976195660481e-06,0.0,1
253,scene0025_00,30,120,0.11435522884130478,0.009217332,0.28482616686476253,0.7540005222280314,0.31821483342835977,0.9692390130845953,1.0,0.599650914482624,0
419,scene0046_00,44,245,0.7611285448074341,0.4412678,0.4620920648087862,0.568480140817542,0.6828823834202952,0.0,0.0,0.0,1
466,scene0050_00,16,26,0.5548303127288818,0.34485328,0.49603160167195753,0.5924256631300581,0.7035286119631168,1.0,0.20637328875946429,1.0,1
494,scene0050_00,16,75,0.5754045248031616,0.34022596,0.4988350935953755,0.5383872983337304,0.7258061605751429,1.0,0.057823975875202646,1.0,1
542,scene0063_00,19,159,0.4897959232330322,0.30128804,0.4872888596381331,0.5177161629954025,0.5966729423560031,0.0,1.0,1.0,0
554,scene0063_00,19,103,0.44285714626312256,0.37928444,0.4853979922881821,0.5584676488544658,0.5775564325187501,0.721604846066768,1.0,0.0,0
562,scene0063_00,19,74,0.5960590839385986,0.41116732,0.4954553728879807,0.524530443995925,0.5773151655582128,0.0,7.470809678882188e-07,1.0,1
569,scene0063_00,19,40,0.4232155680656433,0.28527153,0.4673743563662986,0.5049529520080661,0.5452745598379753,0.5907545797837157,1.0,1.0,0
646,scene0077_00,6,209,0.7811127305030823,0.42597258,0.4944393796214223,0.5539371277647195,0.6048042874208437,1.0,1.0,1.0,1
729,scene0084_00,33,17,0.7286501526832581,0.32482955,0.43320098082998454,0.5009746054254643,0.6542485255186544,1.0,1.0,1.0,1
736,scene0084_00,33,92,0.7666666507720947,0.33008963,0.4558994919098024,0.7308995373151963,0.6928127169535787,0.8841515451553946,1.0,1.0,1
770,scene0084_00,33,163,0.7110214829444885,0.3254547,0.44279707585820177,0.5372743749623127,0.6330392384444165,1.0,1.0,1.0,1
775,scene0084_00,33,189,0.6764705777168274,0.3132417,0.44341483074367327,0.5903776996309184,0.6510672222058033,1.0,1.0,1.0,1
1032,scene0095_00,12,18,0.27173912525177,0.43758845,0.49090108286289597,0.5452407800342215,0.546253482134961,1.0,0.0,0.9743987797464823,0
1242,scene0139_00,19,80,0.4578947424888611,0.23595311,0.4325421077221949,0.5045245000399048,0.651553319845985,1.0,1.0,1.0,0
1367,scene0146_00,18,194,0.7899913191795349,0.46003675,0.4840397148779699,0.6240443144673882,0.5681658249207028,0.0,0.6474929019968186,0.0,1
1368,scene0146_00,18,90,0.6887767910957336,0.45542997,0.4824032762589406,0.6141248028584199,0.5724863219216866,0.0,0.6690777936470631,0.0,1
1372,scene0146_00,0,49,0.5677037239074707,0.4507888,0.47606612552839234,0.5348217482076979,0.6342547684715412,0.2938636644556287,0.624888796187557,1.0,1
1373,scene0146_00,18,90,0.6701840758323669,0.40617946,0.4586023322468395,0.501917977752352,0.5330892309746437,0.0,0.0,0.0,1
1403,scene0149_00,22,100,0.9560439586639404,0.4368097,0.49522137468868055,0.647112069672572,0.49522137468868066,0.0,1.0,0.0,1
1423,scene0149_00,14,247,0.37807607650756836,0.38948566,0.43702207021264666,0.5761830545641335,0.6641007701977895,0.2938577160009946,1.0,0.7513931962219657,0
1427,scene0149_00,8,64,0.5461847186088562,0.33706385,0.4368456517620291,0.5223113359276953,0.6386728825945848,1.0,0.0,0.513418298769076,1
1785,scene0193_00,8,252,0.5293567776679993,0.48048377,0.49696984787796067,0.5002342241791671,0.5881996945757454,0.0,0.0,0.0,1
1788,scene0193_00,8,20,0.5205684304237366,0.4705477,0.49696984787796067,0.5104877540286262,0.5881996945757454,0.0,0.0,0.0,1
1958,scene0207_00,19,206,0.25717440247535706,0.4207286,0.48650328681884025,0.5352696278928628,0.544939772293725,1.0,0.0,0.0,0
1999,scene0207_00,58,16,0.4010416567325592,0.32331136,0.4252787281397463,0.5170675094085746,0.6790192907014863,0.647292433245113,1.0,0.0,0
2093,scene0207_00,54,223,0.29326921701431274,0.41070062,0.4459997990344848,0.5006828183232532,0.5169552070526326,1.0,0.44660237908795725,0.0,0
2114,scene0207_00,30,105,0.1428571492433548,0.014283374,0.47052215384058216,0.5875478292325443,0.6803903444247277,1.0,0.9243880795962095,1.0,0
2126,scene0208_00,10,209,0.625,0.3953645,0.4663927566350244,0.5202175108784965,0.5347227898677038,1.0,1.0,0.85956049262291,1
2168,scene0208_00,10,110,0.6641001105308533,0.39377388,0.4595623184411053,0.5173063703891937,0.5106181559064421,1.0,1.0,1.0,1
2230,scene0221_00,50,48,0.40625,0.29272315,0.416923312387368,0.6103757472380757,0.6349659782312923,1.0,0.0,1.0,0
2291,scene0221_00,40,50,0.7191780805587769,0.41233516,0.48528137340278077,0.6791708874756933,0.6128667857911718,0.0,1.0,0.0,1
2305,scene0222_00,29,184,0.46524664759635925,0.4007026,0.4853171145143663,0.5044164313077993,0.5250068350476829,0.03541468372170523,1.0,1.0,0
2422,scene0231_00,65,217,0.6006826162338257,0.2618923,0.4466764237452991,0.5926963226373665,0.6314177040465074,0.8007455060134167,1.0,0.18805995549236953,1
2423,scene0231_00,67,77,0.48757171630859375,0.39006948,0.4986909703313986,0.5227435201992019,0.6630589391777209,1.0,1.0,0.09080400809137697,0
2468,scene0231_00,65,190,0.6006826162338257,0.26198742,0.4127117143419929,0.6318226036785,0.5761013015289027,1.0,0.9483792602600642,0.26403804112285145,1
2503,scene0231_00,67,157,0.43478259444236755,0.40282744,0.472909413499574,0.502987221912345,0.6204696608730215,0.0,0.0,0.10366434173125877,0
2558,scene0231_00,65,2,0.6006826162338257,0.2640918,0.44308529773902444,0.5556883330345859,0.6157971516001611,1.0,1.0,0.24544554022045578,1
2591,scene0246_00,39,41,0.26484018564224243,0.38661262,0.4722788160644189,0.537922718153849,0.6436155020811357,1.0,1.0,1.0,0
2626,scene0246_00,38,164,0.4779735803604126,0.3340651,0.4854238657323254,0.5993510406347072,0.7462300845621048,1.0,1.0,1.0,0
2628,scene0246_00,38,87,0.5493670701980591,0.32420176,0.4244093522857557,0.5139625635720134,0.68767365206305,1.0,1.0,1.0,1
2654,scene0249_00,22,50,0.3642072081565857,0.41510224,0.4777240580542617,0.5896099694195809,0.4951670302633727,0.0,0.0,0.704726606024269,0
2861,scene0277_00,14,185,0.6910569071769714,0.27856517,0.49822821444480164,0.5365709233266421,0.6778951747623614,1.0,1.0,1.0,1
3007,scene0307_00,5,168,0.39393940567970276,0.33780771,0.38384754122582043,0.5346896944902234,0.48640963095067175,0.437897275536091,1.0,1.0,0
3012,scene0307_00,4,193,0.5123456716537476,0.44937292,0.4902196282891939,0.5703095341350595,0.4988439636040921,0.4137082933262878,3.52625286441928e-07,0.0,1
3042,scene0307_00,22,154,0.5742630362510681,0.3807274,0.43185251222406196,0.5258936399168233,0.515426555682451,0.06323470918111368,1.0,0.0,1
3072,scene0314_00,11,79,0.25954198837280273,0.16166082,0.38549154321488366,0.6454088361487622,0.5813219281979947,1.0,1.0,0.0,0
3088,scene0314_00,11,173,0.25954198837280273,0.15898672,0.40460515239614153,0.628265416022956,0.5813219281979947,1.0,1.0,0.0,0
3089,scene0314_00,11,213,0.25954198837280273,0.16959816,0.4343786716730093,0.5247188380181718,0.5813219281979947,1.0,1.0,0.0,0
3091,scene0314_00,11,223,0.25954198837280273,0.16922717,0.37883170119839593,0.6002556378697884,0.5813219281979947,0.2605759851741782,1.0,0.0,0
3114,scene0316_00,3,90,0.45879828929901123,0.4899857,0.49514196216889783,0.5126979059933771,0.5060390367820293,0.0,8.379743144113147e-07,3.1119880001742712e-06,0
3126,scene0316_00,3,147,0.4768240451812744,0.4880117,0.49514195720109216,0.524530481435069,0.5060390320397926,0.0,4.36943388740668e-07,1.4533024845659275e-06,0
3167,scene0328_00,8,181,0.591817319393158,0.4144282,0.49107989778591743,0.5051518972103555,0.5439210866031484,0.4795795526220675,0.0,1.0,1
3265,scene0329_00,43,73,0.3868294954299927,0.29908273,0.4777672904350736,0.693410234229255,0.573251721911374,1.1009008671796131e-06,1.0,0.8253822993786205,0
3275,scene0329_00,43,23,0.39374324679374695,0.34305134,0.4397887033148725,0.5025617103815544,0.5480323929676184,0.0,0.698388880213346,1.0,0
3866,scene0377_00,4,133,0.4612748324871063,0.32733196,0.41258866836299446,0.5087200796148597,0.4355010886675915,0.6189919818550251,0.6311669088996086,0.0,0
4112,scene0406_00,20,41,0.34839925169944763,0.16693206,0.4711547826539479,0.7107310139897853,0.5786036341231974,0.8298418838676169,0.5360179904334988,1.0,0
4608,scene0435_00,33,56,0.6794670820236206,0.49265382,0.49790830954919535,0.5255486522613022,0.5170841826780098,0.4689648641412683,0.29375808747306353,0.0,1
4610,scene0435_00,30,123,0.6262626051902771,0.34539923,0.43674456928374944,0.5014328095917853,0.7226326183410849,0.0,0.5449417673369983,0.0,1
4651,scene0435_00,40,212,0.17171716690063477,0.4317415,0.48295522850832195,0.5576753658655116,0.5906057088097917,1.0,1.0,1.0,0
5327,scene0518_00,10,54,0.5416666865348816,0.36855847,0.4945593284928345,0.5325070964478039,0.6296865855887415,0.6055866008460371,3.80525467618234e-06,1.0,1
5342,scene0518_00,10,88,0.5584989190101624,0.3508438,0.47870584520509113,0.5187569241525402,0.6136227640940858,0.6809752913767266,2.5680896879642623e-06,1.0,1
5352,scene0518_00,10,194,0.5416666865348816,0.36661518,0.4988483076493971,0.5316678494018106,0.6186243955451352,0.7015106807729964,3.29477892857084e-06,1.0,1
5360,scene0518_00,11,79,0.5104740858078003,0.4186564,0.45871825819927203,0.5078847749273119,0.5772368668472061,0.0,0.0,0.04706172520816356,1
6014,scene0568_00,8,36,0.7438119053840637,0.44725564,0.4969311988299487,0.505577852533911,0.5234588239155197,2.2747060084653186e-06,0.0,1.0,1
6252,scene0580_00,11,26,0.3451327383518219,0.27735722,0.3929678404410159,0.508597706727615,0.42372517191234255,0.8879846547127842,0.8405706726496356,0.0,0
6331,scene0591_00,29,103,0.6039960980415344,0.4060551,0.49194546538186046,0.5684277107616947,0.6300109878469431,1.0,1.0,1.0,1
6385,scene0591_00,29,103,0.6261522769927979,0.38903305,0.4360538928202886,0.5291840425232164,0.5256431095003393,1.0,2.634290186557797e-07,1.0,1
6449,scene0593_00,6,195,0.438914030790329,0.3757602,0.47220799598228896,0.5624381774054649,0.7032213975609962,1.0,1.0,1.0,0
6711,scene0606_00,15,62,0.5265392661094666,0.3757459,0.47356714971727487,0.5295005311584563,0.5725672333942929,1.0,1.0,0.0,1
6878,scene0608_00,23,51,0.3333333432674408,0.31765997,0.4876926133179663,0.5168798829556622,0.6361818085043627,0.9175646948201007,1.0,1.0,0
6949,scene0616_00,17,73,0.6061855554580688,0.41100848,0.46650152618508667,0.5945630928445408,0.6471374569972116,0.3334879128892489,0.0,1.0,1
7370,scene0643_00,26,196,0.5009881258010864,0.47076273,0.48963038950672755,0.5656890945183726,0.5006879958319764,0.786512638371769,0.0,0.6737399579959156,1
7620,scene0645_00,67,63,0.08465608209371567,0.2479,0.46431847899089723,0.5166469107750804,0.6876521211901118,0.9355778740907585,1.0,1.0,0
7639,scene0645_00,58,206,0.47887325286865234,0.33206305,0.41341378616245805,0.5048563417585711,0.7119000020644131,0.0,0.0,1.0,0
7641,scene0645_00,58,96,0.6059479713439941,0.40523642,0.4849432311437397,0.6387654643530186,0.7770913959388693,4.151388427623508e-06,1.0,1.0,1
7883,scene0648_00,46,88,0.3822784721851349,0.3772327,0.4831830377430879,0.5067999331417508,0.6684849061968582,1.0,0.0,1.2388795078179492e-06,0
8021,scene0652_00,12,140,0.405929297208786,0.388948,0.47466375303585334,0.5197086270953037,0.5678577483881492,0.0,0.5106389772850874,1.0,0
8070,scene0653_00,50,116,0.4826388955116272,0.3779576,0.46925690600439324,0.5161764828407548,0.6904245028966939,1.0,0.0,4.936583415301187e-06,0
8319,scene0663_00,3,2,0.4330543875694275,0.21808621,0.49992575096046227,0.5188075911244587,0.5774082672210359,0.0,0.270636028447806,1.0,0
8531,scene0670_00,33,185,0.17194874584674835,0.040045388,0.37618744583060443,0.5283518506202997,0.4579544384411212,1.0,0.9594350251094265,1.0,0
8725,scene0678_00,25,242,0.5118483304977417,0.34413317,0.3807948108524448,0.6068922812992597,0.40358038611198194,0.0,1.0,0.0,1
8857,scene0689_00,2,172,0.25307729840278625,0.46814412,0.4896437032763647,0.6064451050423352,0.5199857422293747,0.2545112265391455,0.0,0.5491507509938279,0
8985,scene0693_00,8,235,0.3443649411201477,0.43421033,0.46758785014283777,0.5690362202152562,0.6752927755303697,0.0,0.0,1.0,0
9011,scene0693_00,8,202,0.3227158486843109,0.4192167,0.45632326977344695,0.5001595231514137,0.6752927755303697,0.0,0.0,1.0,0
9095,scene0696_00,1,154,0.28496596217155457,0.41039962,0.4841701036288538,0.6324358530691282,0.5638045301082061,1.0,1.0,1.0,0
9115,scene0696_00,1,161,0.22639159858226776,0.4197777,0.46462130825228476,0.6025154075451454,0.556518292833036,1.0,0.15589256850793204,0.643401578946365,0
9118,scene0696_00,1,184,0.20914465188980103,0.4015791,0.452412474207906,0.5850809005288206,0.5532841668684623,1.0,0.14163351968999188,0.464423279374791,0
9130,scene0696_00,1,65,0.2222222238779068,0.39462867,0.45821027731898833,0.5727035570755492,0.5504942093001057,1.0,0.13310706825134486,1.0,0
9245,scene0699_00,24,176,0.24707846343517303,0.11417218,0.34750213037950645,0.6581502281203035,0.5150553766503352,0.0,1.0,1.0,0
9263,scene0699_00,24,161,0.24707846343517303,0.11730988,0.3434488790947894,0.5375385232610168,0.5150553766503352,0.0,1.0,1.0,0
