method,epoch,samples,hits025,hits050
CS+R,0,9508,5514,4408
CS+R,1,9508,5462,4301
CS+R,2,9508,5468,4337
CS+R,3,9508,5473,4354
CS+R,4,9508,5435,4303
CS+R,5,9508,5423,4252
CS+R,6,9508,5455,4337
CS+R,7,9508,5460,4343
CS+R,8,9508,5440,4374
CS historical,0,9508,5514,4408
CS historical,1,9508,5467,4329
CS historical,2,9508,5443,4331
CS historical,3,9508,5441,4332
CS historical,4,9508,5429,4294
CS historical,5,9508,5434,4356
CS historical,6,9508,5410,4292
CS historical,7,9508,5436,4330
CS historical,8,9508,5431,4345
native historical,0,9508,5514,4408
native historical,1,9508,5476,4375
native historical,2,9508,5465,4361
native historical,3,9508,5467,4381
native historical,4,9508,5418,4329
native historical,5,9508,5456,4390
native historical,6,9508,5430,4343
native historical,7,9508,5418,4335
native historical,8,9508,5441,4410
